0.08786976,0.0
0.28764912000000004,0.0
0.48349092,0.0
0.6791254800000001,0.0
0.78295272,0.0
0.87911208,0.0
0.9750642,0.0
1.0728814800000002,0.0
1.1688336,0.0
1.3635116563469343,0.018277897925167513
1.550924567905812,0.07402628157211273
1.7281913633435513,0.156848456488161
1.9073630926059417,0.2117054589701506
2.0977671396192954,0.23224913909940373
2.292477296840123,0.2155437963816395
2.4802457946521232,0.16135989731492978
2.610889320023842,0.09686822013445248
2.6876405002653603,0.03631058518964445
2.7513856033699446,-0.03873779451142992
2.7986379239700385,-0.12444251165212163
2.799357995328917,-0.12616468386024993
2.7994185524921336,-0.12624833722206416
2.7993352394820725,-0.1261870594755271
2.8834584908605816,-0.17224896034391518
2.9766500679792753,-0.2018000953975005
3.073911700382463,-0.21267427832004945
3.167350375650669,-0.20513538671154136
3.3101930146376493,-0.16730876407803597
3.3941141272301083,-0.1253071281024818
3.475638345341804,-0.06766047911858443
3.5626297578815183,-0.022821289888417622
3.564460055831541,-0.022096234651570634
3.564459344650379,-0.022095413937724726
3.564398685223837,-0.02217939026207447
3.5644578236744184,-0.022094448381811592
3.5644571399141367,-0.022094216621097815
3.5644524417294514,-0.022197611042710032
3.564455707326643,-0.02209405142667535
3.5644549961453755,-0.022094187615574648
3.5644543295401063,-0.022094470393980027
3.564453737356557,-0.022094887101136405
3.5644529895248005,-0.022095674563852766
3.5644524241227797,-0.022096601747987863
3.520584972603077,-0.008631718559021277
3.3293791462537694,0.020882363363883445
3.1379180851366066,0.013339057300829951
3.042232318578551,0.010596100737030191
2.946870839210961,0.03125486258977855
2.8609119120601254,0.0733711634428861
2.709808269559969,0.19435255884030106
2.6194058277460663,0.308524152820458
2.5325716333576573,0.47013305372010267
2.504064463780994,0.5678720857889148
2.4938622231349656,0.7570403745009825
2.5198878457440217,0.9466707479643215
2.5832152951990017,1.1316601657542813
2.681153242343471,1.3007763252775646
2.8071347626041883,1.444876054185135
2.9441440851947305,1.578982617394985
3.059090044203805,1.7371561068945067
3.1283959525349663,1.8699170327058054
3.1872666277572534,1.9453954050776692
3.29278463148684,2.040242579371859
3.3772441954455217,2.08529511314181
3.557925860696891,2.1353340483448218
3.704906762976558,2.148825824691053
3.8013542478694666,2.1327333134737434
3.890163694584925,2.096795637803846
3.9721092443197494,2.0432886814281606
4.009438960134585,2.0101389888420242
4.009439313738922,2.0101396207361497
4.0094394249429035,2.010139965324078
4.009439562682175,2.0101406731577525
4.009439558477469,2.0101413951158342
4.009340297074397,2.0101120752723745
4.009439246846676,2.0101428031223594
4.009438885906232,2.0101434308549533
4.040346647849,2.0442006584725467
4.09400782753375,2.1234430608024737
4.13165696763232,2.2116529351189533
4.1591594422803535,2.3507160671602665
4.163334360156363,2.5380529208171385
4.144277079555376,2.690665255778241
4.149973205214499,2.7881754195938058
4.178290378374886,2.8796151130535845
4.228778410393073,2.9633513239587908
4.362683585619807,3.1028478103840804
4.522734424523517,3.215164720396376
4.614791175684826,3.25353853410438
4.801415620307696,3.2861116687810807
4.950984261631807,3.285012012363813
5.0306872275561805,3.2662606273968615
5.211508161060606,3.192128259648965
5.368329780586736,3.089380763604383
5.473050844933792,2.9910881013748347
5.52595306541033,2.9159603515658055
5.56287083451366,2.8362329152525523
5.586251757358928,2.7453472560099947
5.586553396897128,2.7434012430187926
5.586548962019396,2.743399066136314
5.586545187540714,2.7433962645774193
5.621926641943085,2.7081737880267878
5.704036600645467,2.658811494419078
5.796060424262173,2.6254989707311847
5.940413845627338,2.6058687657815547
6.131653972056796,2.613877978483276
6.304340093901961,2.655727684961985
6.403502687114443,2.678254426958474
6.501145212367285,2.6756876122825566
6.5917120403313865,2.6509989592421537
6.680336640047009,2.60135181964441
6.783017112789754,2.501031051304098
6.893597845728881,2.344677054672446
6.9325265464036425,2.2528532101702012
6.966180955450297,2.0664216450713297
6.962995363390754,1.866996518243759
6.921667670309962,1.6759910003487786
6.880635782948154,1.585082992006355
6.795820114649331,1.4792549427427517
6.68756893542116,1.3817605360452592
6.604580284150911,1.3338916322407204
6.512073356352501,1.3022623259225854
6.415076946391652,1.2892301376173634
6.31750186895428,1.2953109424107982
6.315559433733295,1.295638433251532
6.315456916711166,1.2956268489085294
6.315459670061938,1.295618366042729
6.315464282200017,1.29561017632006
6.282259110908171,1.2639379713233327
6.221865294619488,1.186927147510756
6.220810017868159,1.1852648673983674
6.220790510649053,1.1851632617160535
6.220807438657147,1.1852654174101294
6.2208063601102435,1.1852653112888918
6.220804974740238,1.1852649013071557
6.220804002007368,1.1852644184607732
6.220802857284928,1.1852635323023246
6.294703830962263,1.1274223630768243
6.38176440079773,1.0829430869837033
6.475914081240603,1.0562229342083433
6.620855825277474,1.042479770094676
6.7200023298730756,1.054115303745596
6.813062555576455,1.0844113241046986
6.898362116610716,1.1321807294498432
6.971370480982084,1.1942160980733474
7.0323462172560065,1.2707670640276096
7.077218026813929,1.357625924651817
7.104333058661473,1.4515552874818138
7.114122431727838,1.5989704380835652
7.092732161807583,1.7891780130007597
7.037926088774578,1.9769701257457835
6.981969591808812,2.164453403953961
6.954423594186904,2.354153574637144
6.912537481808766,2.5491531876787215
6.892876995349829,2.6449400767892794
6.8969498438503525,2.74253159831402
6.924559877304435,2.8362245219930644
6.984822177285546,2.9668451414885944
7.042649444825126,3.0431259318549184
7.118616622929933,3.1045238343558847
7.251007289004582,3.182776261641325
7.3901313168385885,3.225464836789027
7.5345558821043035,3.2446570641572268
7.6776303930210466,3.231134348655997
7.865841245570107,3.1785238592554856
8.053611994309085,3.124358459266674
8.244288987940546,3.10765153956503
8.343496087191212,3.0973890850050068
8.433596544336956,3.064758889269191
8.515100552816376,3.010852330660031
8.584183371327626,2.9415295661875436
8.63834722249408,2.8602641445641783
8.67575059256,2.769825928891652
8.694834578667756,2.6738370254500774
8.695247064577206,2.579992402776966
8.665404263942236,2.4375179889582594
8.591695951002627,2.2564143303747355
8.49992394993122,2.08364057274861
8.404068437974903,1.9129673097758693
8.297701341498051,1.7533630827612041
8.244482969035866,1.673521910517729
8.192415311415472,1.5954043097643098
8.135861583236109,1.5105636354383845
8.083679044945315,1.4322735503402573
8.030458764345349,1.3524336500537806
7.978391106724943,1.27431604930036
7.925172734262749,1.1944748770568865
7.868564427954842,1.1095460526231116
7.818679503072043,1.0347056544190882
7.817583042983114,1.0330699124034544
7.789991291234473,0.9392795515778244
7.781215659396481,0.8538298997619019
7.796434478026796,0.6648956460731626
7.849052830103424,0.47668230792619887
7.931727691881111,0.30373736256683515
8.00380930080657,0.12631090803885128
8.041666841454687,-0.06940761723591043
8.040817847375552,-0.2608112986855836
8.013306934066692,-0.40783083297737194
7.971571722567831,-0.49625554516902604
7.879212297493116,-0.6061515962128405
7.765209861121714,-0.7030498041085822
7.68270122240959,-0.749775864910158
7.590163192602919,-0.7816321409904801
7.493297482532872,-0.7948597805328462
7.443273382003642,-0.7942602846638461
7.443275129036689,-0.7942734257948996
7.443373710514704,-0.7942429326980656
7.443370257830523,-0.794236856668256
7.443294385911421,-0.7943066886992444
7.41592656973421,-0.833563274430412
7.373667286342367,-0.9173553683642286
7.346726679078549,-1.0134782911267635
7.339355514030585,-1.110964739771763
7.33940993611785,-1.113036053424947
7.339413033513004,-1.1130350595699499
7.363807109792489,-1.1519016169802292
7.424279070399476,-1.2236651629776163
7.500459359185908,-1.2851031189188176
7.590797449256001,-1.3320003296280511
7.6788753796877245,-1.3578094844098978
7.778268472073647,-1.367104761292137
7.962842067740114,-1.3483187867201982
8.150014721011965,-1.292127327990683
8.330759955058621,-1.2072117342433837
8.46943442638631,-1.1628713850698678
8.56080424388852,-1.1531578543425793
8.666060915210487,-1.162852357947061
8.714560827812607,-1.175121367504411
8.714560626126465,-1.1751228010276797
8.71456073058021,-1.175124244895983
8.714561136497156,-1.1751256344634315
8.71456197543283,-1.175127237194323
8.714563132815305,-1.1751286275270798
8.77720552451765,-1.1026405187297643
8.825735222862289,-1.0176525042981885
8.85677021076627,-0.9249445533649772
8.869176733455221,-0.8279701682513639
8.855779720895024,-0.6349641612294693
8.804819029292764,-0.4461934046896961
8.722987114216696,-0.2684725280260862
8.657084571358267,-0.0929536146528075
8.624389351835408,0.09972042111044367
8.627890790477808,0.2791213025085646
8.651113673161705,0.3782270516746544
8.695117078910759,0.46323541080180813
8.819361416056328,0.6115348561224583
8.934322459781555,0.7074540344344615
9.018964947854943,0.752114506855809
9.112698831491974,0.7802577167096535
9.210014180936176,0.7896194005604619
9.211983835677923,0.7896026179529759
9.2120828936368,0.7896311173010719
9.212078303705892,0.789639868365911
9.212072688354976,0.7896469512938578
9.240365891125961,0.8259059850721961
9.287184757488161,0.9071194817738999
9.319453332760094,1.0015872995426394
9.332262064570141,1.098613029500434
9.320278057616688,1.287576193967478
9.284803895953187,1.4329292216047502
9.241044958343396,1.5227690891041792
9.184456686669396,1.5976330823584517
9.110132440003184,1.6641221690892003
8.985099526336557,1.7349779623808557
8.8007385648013,1.7995032763099055
8.653543865152185,1.827672274451575
8.569626296549014,1.859506255768483
8.485847108657987,1.9171354814382924
8.422669434644755,1.989047671789423
8.37760536718723,2.075823415641982
8.354468500766927,2.1708664363664685
8.34752672867306,2.314351626201107
8.341724886475136,2.510107467121254
8.353442551042356,2.705185105807618
8.400092775844454,2.8867752192780567
8.475677341050291,3.049628007641045
8.562242868411444,3.1740539792079
8.63713606903252,3.2431358769894034
8.720819875924311,3.2938815815083813
8.808773595060815,3.3263128020404533
8.812680720500484,3.3273412677677014
8.81259210617708,3.3272884424979217
8.812598708360273,3.3272810871623166
8.836063820943199,3.362058531850616
8.879663899674854,3.451975426816295
8.904196273563505,3.5466121246473152
8.910093141966998,3.6902041488758255
8.883346840106334,3.8837909704655704
8.83669078254813,4.025950911375498
8.804037354273069,4.118102119324712
8.78517915761442,4.266618952475605
8.79014586448512,4.364257991481163
8.82563555443786,4.497216873931748
8.912613895124508,4.681156638338058
8.988912439288901,4.803009701315791
9.054703731570566,4.875464264448184
9.124774233587582,4.928469818964648
9.215983138037084,4.973417703820683
9.217836355922923,4.974086748071393
9.217922343985647,4.974144016654974
9.21791888443292,4.974147199112867
9.217914864261056,4.974149634221678
9.217910773873314,4.974151084709187
9.21790104297577,4.974048230699885
9.2179021464573,4.974151484278721
9.217898282739451,4.974150541190957
9.217945017430672,4.974058411102613
9.189642541821938,5.010308404673021
9.153786914160088,5.047961340142874
9.112212724767335,5.071867543772386
9.023073096697619,5.107257762719044
8.929024037535466,5.1249693407988435
8.829201672774794,5.124007097109955
8.827143664096301,5.123769188643586
8.827238097125358,5.1238108147032655
8.827230789828457,5.1238218756644285
8.827155401940834,5.1237514143050795
8.827161573055848,5.123747204024848
8.811206201371535,5.0807224959339425
8.790450978684316,4.983077254210425
8.78745194947812,4.795617727597223
8.82266908645299,4.599299240537778
8.869635334634795,4.461339022873402
8.887642809657127,4.367136235072581
8.887161514128348,4.269372872784653
8.86691735736922,4.080623576751657
8.842288891709112,3.890598444208973
8.785294046147058,3.7036688592141798
8.696637230255115,3.5291686746394313
8.603246758939854,3.357146442020687
8.49493025712553,3.194481284765782
8.392693993689335,3.087935507307258
8.31354587018746,3.033952092437302
8.223685298403979,2.9954424191928486
8.127948755860908,2.9751303064560943
7.938525284524902,2.9723485811973096
7.742295130541554,3.008047179091406
7.560596364371518,3.079995778576344
7.388917155111862,3.1738424564535794
7.269991373845848,3.264629866566041
7.205237935411037,3.340741876927255
7.158594170144168,3.4243076060921487
7.157759755520752,3.4262039402468396
7.157754020466055,3.4261991490995487
7.120609925446042,3.4531436605347685
6.947272797189243,3.5434043438257645
6.763480989100286,3.597576660783367
6.66836513410176,3.6272372344345034
6.586604271928888,3.677015356790874
6.517720077796897,3.7464137907574893
6.468543133451734,3.8285376474065558
6.439835844575987,3.919785559281913
6.429679528400056,4.017124680551945
6.438291645311553,4.112645564967219
6.466405233627793,4.208324526367503
6.526722692419257,4.392354989859168
6.578653198992726,4.580993146470341
6.600442421402207,4.72718384255517
6.635942317929996,4.868531030463419
6.663454996329324,4.962454423814127
6.724326780916791,5.1504445243975985
6.766889199865478,5.285808703293281
6.810302794344677,5.369007978318781
6.8698535933507925,5.444056856250725
6.93931930738881,5.504044092607069
6.98657234272292,5.533958122870395
6.986653697942384,5.534021374958946
6.986591738013511,5.533938670047914
6.987721570753159,5.536608558470057
6.987878835646473,5.537210502325278
6.987881724450893,5.537210368286709
6.987884586842998,5.537210775052593
6.987844813599966,5.537306200666656
6.9878297040672885,5.537297425462065
6.987892668868333,5.537215363517733
6.951159245896623,5.568047192225339
6.908952053543187,5.5863150703621
6.8145847738307115,5.611864200576226
6.8125400303756525,5.612199364593294
6.812540504576609,5.612195778654007
6.812541760376777,5.612192003423772
6.812543930546871,5.612188246543082
6.812546578482868,5.612185278060825
6.81254974861739,5.612182877095121
6.769552107240552,5.526568579949888
6.743321677866714,5.4323885022818414
6.735913825083274,5.334801444207709
6.7471954025443495,5.23966317563199
6.806247903593479,5.057593760664675
6.856529315900409,4.966727901579093
6.9042178683894155,4.883634662107945
6.935682624342187,4.7909625465870675
6.948490287524728,4.694040386125264
6.942207964592549,4.596477854302407
6.914938619495391,4.408697153076661
6.91997028944983,4.209313865233792
6.963042672064436,4.018691614441224
6.983540106814566,3.9231860135771828
6.980900533730131,3.829455902766919
6.93393821925008,3.6417765662644035
6.8719377252621205,3.505657946111805
6.753342316520977,3.352804678705215
6.640319559636371,3.2611683466543253
6.509670989565411,3.1883499355842515
6.323489698551747,3.1357607127800415
6.223934675553186,3.1297875953657384
6.0407994091490185,3.159456360301462
5.857276205728811,3.226629015568775
5.693455275875711,3.3258125097273323
5.548791504795584,3.4572043025029813
5.418008520946511,3.6028382156374206
5.277164294080819,3.7386051266216844
5.150446388931703,3.8769221515282926
5.068787432811233,4.007016330012407
5.007886645835541,4.188470993722527
4.986930981357679,4.33260538582554
4.997563177635469,4.429701927218122
5.0508265209433345,4.567331312328385
5.1536772185535416,4.7335072862913625
5.218553071558302,4.804005161422539
5.297454632176175,4.861907237763377
5.382314103775705,4.901979138358798
5.431957564412139,4.917082684310516
5.431958205690144,4.917081388466718
5.432036284567309,4.917149297994493
5.4319603674970285,4.917078980048971
5.431961586810243,4.917078203052243
5.464791996819186,5.004993095252701
5.480784284683884,5.099558940155733
5.478214123410677,5.197186700190569
5.456040868850862,5.294519907382654
5.416023637555974,5.383719452322455
5.3619852020624865,5.460444827385653
5.291407658375383,5.528245138172742
5.212576217660261,5.579161503240294
5.12373551177477,5.615022591232727
5.031646575120218,5.633093799489437
4.929861248659517,5.632886553362116
4.92584548534196,5.632442410710229
4.9258489880958445,5.632434076100498
4.925854517926786,5.632425886396491
4.925861219669748,5.632419293147673
4.925869497344095,5.632413896592908
4.891237876342412,5.547416987775304
4.854279164088927,5.365609910618612
4.851663493852266,5.178246744395468
4.883428824459084,4.977034423322981
4.914194483268139,4.787801329045759
4.912998473928912,4.59237456461778
4.8773375728673525,4.412309046462449
4.8192944577479375,4.221255742907369
4.790219399388477,4.125582865949108
4.76174207417696,4.031894322548048
4.734382565816434,3.941873148048089
4.706477475532474,3.850068388455707
4.679180511994965,3.76024480492371
4.650099679444381,3.664573682229994
4.6210234663011756,3.568901156303991
4.59194263375059,3.4732300336102724
4.576825617299169,3.423458142997393
4.574278574079312,3.381684882164332
4.588465703249025,3.2367081628696526
4.640688627306203,3.052456730507401
4.731245631636993,2.8747536253473442
4.7772966656780955,2.7841946578972765
4.798798378801728,2.6888072329169925
4.797126362217451,2.5909981130279007
4.760291343041284,2.450105431824965
4.679378012218221,2.2766438315096678
4.556270597766268,2.1098749799518153
4.436776364978717,1.9756204660702275
4.329428413928978,1.8075269976294133
4.276054141656176,1.7255964699858768
4.20454286753326,1.659061995893144
4.033760824376787,1.5600874370042346
3.8942810286706093,1.5179375467631862
3.7457951598077,1.4999421377966142
3.5575020465379903,1.5207811765209724
3.4159832970079234,1.562790388720705
3.2610812835772003,1.649413335598171
3.153546536085717,1.7445472400579063
3.0628940857177827,1.856064848273991
3.019170460547131,1.952289951069526
3.0019519805530144,2.0484801346604993
3.007987478400487,2.1920667738672934
3.047084393215594,2.3713166876560074
3.0886903700388464,2.4684895162202922
3.143260136355493,2.5472347649425227
3.2103078683125763,2.6128967625765154
3.213458295778407,2.61542786569711
3.2134591859970483,2.615427243715896
3.2504113640356582,2.699554313452395
3.271360741279279,2.7890193587822347
3.2750369165602433,2.8906354275352952
3.2591038365686487,2.9871973892471186
3.1950098560430917,3.1590980244995985
3.1181016148693654,3.289713116642567
3.0587209125137136,3.3599584528850386
3.007226729227972,3.44050494373762
2.9703279824843483,3.532697667801104
2.9524234496180117,3.630905868758811
2.955524421221873,3.82043145857844
2.9919039793405284,4.0126450613971
3.0344485675831456,4.207841741623244
3.065937490312257,4.352315687340058
3.086791740359706,4.4479901430345095
3.107250345703277,4.541841883986777
3.127243631185392,4.633567938292537
3.1476790114764386,4.727318688610037
3.1685542459522544,4.823094623270886
3.189829606380265,4.92069229601067
3.2098648607191156,5.012621308249231
3.230721351390723,5.108295275612057
3.251154491057608,5.202046514261169
3.2626530871860484,5.25479382042386
3.2648325514544134,5.350574286865324
3.2487126461856484,5.445013710535067
3.1937109261065735,5.582023300858724
3.1431093944683073,5.663376230171315
3.076377380221122,5.734965018509722
2.9987774864675374,5.791150709510518
2.9099368926882136,5.832205041597919
2.816852496929701,5.854875156683118
2.7211540416287314,5.85939104012632
2.579446884189399,5.836086638124336
2.399004533616659,5.772245768115683
2.2305901403777972,5.6729081662271055
2.0737734407896014,5.562615146561793
1.9085895709728717,5.4825548527931725
1.719950352859865,5.431890111889025
1.5288938881768097,5.418731156334379
1.3427636378819467,5.441220078485867
1.1567512673373295,5.5011568454204784
0.9825881374915171,5.59834689434923
0.8224342604254226,5.710882058066559
0.7014535266203952,5.799146738017351
0.6380714735034557,5.8708804751273025
0.5656961170740683,5.999635676645184
0.5313769817374502,6.134897429591993
0.5193815654463688,6.2820096279578665
0.5474067445131091,6.4269029930369115
0.6140376720826969,6.601078864894843
0.6702897014091355,6.688254440335289
0.7420111115672093,6.754562303228929
0.8648664247131977,6.820740910092254
1.050792188690634,6.88126328123376
1.2407965627874433,6.904398666675864
1.3861995487767715,6.895953666753387
1.4792809235014992,6.866003038296097
1.6001938421001884,6.78862283308669
1.7375091939048615,6.660973227079498
1.7987984674050672,6.577264393011189
1.8389942153805565,6.490186086473561
1.862104531258364,6.395192052590257
1.8667046157379763,6.3435060802630145
1.8667251375975176,6.343405033463977
1.8666827061023534,6.343499016016893
1.866673429736021,6.3434925176286825
1.8667469529128642,6.3434201441216045
1.8667520327778897,6.343428052240618
1.9503008131409596,6.3104523891999955
2.0443788768052413,6.292344486912319
2.1422460117937705,6.292701548922018
2.3356036197119963,6.332367517150362
2.5121761210407616,6.406246025775803
2.6399833910564383,6.472201098366492
2.770776891487164,6.508592097106412
2.8735165469277253,6.523040336209152
2.9728328478720965,6.51403644154117
3.0648389543593093,6.486958146231101
3.149814838740034,6.4429356200284245
3.2264140773436307,6.382020513446172
3.227822703063157,6.380644507093488
3.2278210014071296,6.380641317976722
3.2278198087749512,6.380637525212856
3.2278193687397754,6.380633572902363
3.2279213620821126,6.380649820557324
3.227820712438144,6.380626132352281
3.227822684800802,6.380622267953709
3.2278251698614917,6.380619160885836
3.227886912829857,6.380701983188575
3.273862685920402,6.46475467377307
3.302949965307946,6.555929385247848
3.3141449148017506,6.651182315612261
3.306639177610774,6.748658315532489
3.280994345056197,6.841074556584326
3.2382932871776675,6.926722270708461
3.2084970964378985,6.96933172975331
3.2084980804442242,6.969332789083373
3.208498876862104,6.969333997960881
3.2084995554639946,6.969335674880333
3.019001094528363,6.996995073046221
2.875239893228105,6.9970967983098245
2.73431267083633,7.024955431355835
2.55282335764155,7.097166369662604
2.3949012704272894,7.19840480440766
2.2821894771172224,7.302825108897214
2.226258419706526,7.382884509696006
2.1868861600215066,7.472483435744186
2.1667283525972922,7.560118943535849
2.166463096631748,7.562069537101345
2.166460800805632,7.562068471710064
2.1665269580645234,7.56198900361028
2.1664567654773563,7.562064890940667
2.126290146544294,7.584252922842489
2.034726508574347,7.618809808140978
1.942217926479534,7.634593213055315
1.844478723420151,7.632361759497484
1.7508142638622581,7.611738647273715
1.704136392348439,7.594030372164496
1.7041374733998902,7.594028921686255
1.7041385499310904,7.594027953829428
1.597578683576459,7.430210868401701
1.5270943051736545,7.256476390306815
1.4880397199940212,7.164816066603533
1.4000609893590945,7.051224394761398
1.2914753773009124,6.951219654432248
1.1674757010596706,6.878830124997712
0.9786340534862423,6.821017900574984
0.8812833309979641,6.813031328829938
0.6935418227065993,6.8391236209691675
0.5512547597596613,6.885389898777846
0.4699152970463488,6.932195591009543
0.3960235885366972,6.996210809594391
0.36723050030382376,7.0293768354743245
0.36715421429855943,7.029446230727003
0.3672453008806047,7.029397662174024
0.36724937931102114,7.029409767333075
0.36714741343397167,7.029425532137293
0.36714793977709304,7.029417598688939
0.36714963870518585,7.029411192723252
0.36715263478937427,7.0294048790360675
0.3672334409749164,7.029468936986689
0.3336158740368549,6.995122059163419
0.28563704944886664,6.914469061665711
0.2525881156722733,6.822460048352418
0.23828033777880603,6.729816101315339
0.2457074899967148,6.590225789551212
0.2915130818606121,6.396214843217751
0.3708969000138549,6.221932438164522
0.4656263660162559,6.050738826322262
0.530354168400965,5.866339669463761
0.5581017291131043,5.672790028576215
0.5483663480355206,5.4816302059806645
0.506736734135478,5.337907095489163
0.44326897414725913,5.206876260534316
0.3832893738422576,5.129673034553101
0.31095919127099325,5.066691383008587
0.22982690792034957,5.01952681257489
0.13557191122514034,4.986956467156097
0.040665084437384515,4.973868796294327
0.038696204891456656,4.9738038646578655
0.03869186355752859,4.97381689881063
0.03860087353185899,4.973768281852584
0.03860578398728876,4.973762654638191
-0.01673133226183831,4.903012384798286
-0.06157353733257302,4.816022293615307
-0.08859464746293522,4.722065932368991
-0.09685559548761942,4.626617633288973
-0.09365523894582513,4.574722837395948
-0.09364855077394126,4.574724870358838
-0.09370004174873459,4.574814208945986
-0.09363607249935756,4.574733188008723
-0.0936312190295415,4.574739028724841
-0.09362744201174633,4.574746028842609
-0.09362524967556374,4.574753172710306
-0.09372815241697234,4.574761787660487
-0.09372710864167702,4.574748573455095
-0.09372346985148951,4.574735826595962
-0.0936305245158298,4.574780567662236
-0.024899484721428194,4.6355979685482165
0.10141224932044626,4.784721162556277
0.166997679310802,4.8599971380498
0.24710547584686313,4.915704876637473
0.3385201894835125,4.950405332458346
0.4355198678492614,4.96188382336632
0.5758898594912529,4.942484029850717
0.7131353030386365,4.900119290998344
0.7986259769851503,4.852691998518001
0.8718868922537937,4.790954988582095
0.9331718866462935,4.714651446218789
0.9342417892409643,4.712998120707853
0.9342385076791662,4.712994267837644
0.9343308970991091,4.7129481262311
0.9342344645153509,4.712984910580015
1.1162911392372432,4.689484298049329
1.3034704843016223,4.700154931782846
1.4945065838059375,4.713648498200088
1.6883719676895939,4.689799357520462
1.8741071613646871,4.628693709819825
2.0410780733500817,4.535117198158411
2.187249795390957,4.411385523876601
2.329808641191593,4.271733367290529
2.477195814813663,4.169029656738555
2.569952777530821,4.122252541518729
2.650148002042432,4.066336100106312
2.717999236087392,3.995807239169801
2.7689738965282684,3.917013562118205
2.790349015786045,3.87018574267729
2.790349639994457,3.8701861096787473
2.7903501730090503,3.870186599802869
2.7903508121751393,3.870187477764469
2.7896650277808623,3.870691571767012
2.7896673847033147,3.8707022833495994
2.7895643323960324,3.8707067017629626
2.789665668438461,3.8707257227276775
2.7895690675579425,3.870689597732951
2.789573608265834,3.870682343723994
2.7896489250515644,3.8707528997755003
2.7896405546464393,3.8707592177209915
2.830937154712696,3.957206819078397
2.8550045947634803,4.0499396612889536
2.8608065420115496,4.149494526859825
2.835615085723746,4.3332994465492956
2.7745081985391127,4.514799226721074
2.6813348503487955,4.68681109588464
2.601170050003509,4.860621397592744
2.5548526489769294,5.050584609071965
2.5457735915924387,5.195905404577406
2.5602978005681836,5.294669997577695
2.592455414439956,5.385026212515625
2.6423039703083355,5.469007965447132
2.6435354578539956,5.4706748931549365
2.643536457413908,5.470674468620078
2.64353787514863,5.470674175883811
2.643539322739515,5.470674188003661
2.6435407436668217,5.47067446482825
2.6435420745386136,5.470675034430334
2.618541645432623,5.509155163228895
2.618471902396069,5.509231492296479
2.5411322432533123,5.558652322474587
2.452092863704753,5.5942937839762
2.3540700444553133,5.612635475121792
2.2522988009469476,5.610919320313395
2.0633799648527864,5.569200156810089
1.8842051947993794,5.490920065908323
1.715432659877486,5.400170794888007
1.5264780018508746,5.33633307330893
1.328635646528247,5.311084797006519
1.1376791985467445,5.3242128132938
0.9525996243611241,5.37340855873132
0.7803342793010664,5.456844490334174
0.6211415267069883,5.576997027296231
0.4912047879010923,5.722970479381707
0.4133061009341271,5.850712785300071
0.3805746086528893,5.9450211499380226
0.36330542385889053,6.085618646599807
0.37177773368528927,6.264959989163116
0.4058333105501343,6.4147356651620715
0.49151091941764863,6.588081192197785
0.5807899449854882,6.697994567367755
0.6870533239595046,6.791770711394916
0.8573585069806584,6.883559296055398
0.9860680206752572,6.919497156562334
1.180677688866055,6.93735155246171
1.2795341559371127,6.92494979755448
1.4541955293927749,6.862096841742793
1.6189882127476503,6.764731708183149
1.7266430238456656,6.672646335770127
1.7858816020941486,6.598597146238881
1.8331121727286315,6.510767153952454
1.859548848873534,6.426978767585425
1.860413162537583,6.423031921758746
1.8604209991542495,6.423036179860907
1.8902254261133944,6.390775250284776
1.8931094381081282,6.387945398526546
1.977676310374804,6.342922611835707
2.0672477476232687,6.315271917054208
2.1645488067135106,6.3047556813591275
2.295587492308465,6.317305043129933
2.4916108397710732,6.371839007651109
2.623130301548345,6.430134926408341
2.7183115389600254,6.452071891264133
2.8576711297541135,6.463293794214799
2.952868849666252,6.4525243477833145
3.0479827279688494,6.422213155430055
3.131774592718033,6.375975859074304
3.1715987626846456,6.345697056425976
3.1715977219686113,6.345695154794319
3.171597178069604,6.3456934313277
3.171700500514501,6.345689016471604
3.1715970841194636,6.345688756065725
3.171597656930903,6.345686663733258
3.1715987901011355,6.345684401964143
3.171599888032143,6.345682965703932
3.1716012203710324,6.345681742007704
3.2191254109641605,6.428869045860819
3.2490020860443463,6.515760909013469
3.2627742257702703,6.612550506770262
3.2574512586646804,6.710273461367149
3.2338988408882887,6.803138624146125
3.1920715348290645,6.891503665918965
3.164237485243007,6.9330728176748195
3.1642337809685475,6.933068694834419
3.1643245033231073,6.933019335021376
3.1642293544614812,6.933059505046169
2.9750253243674565,6.962666327622545
2.7855609714598075,6.955439234015151
2.6858445117804806,6.9502684621139235
2.5900067959927333,6.969131392094502
2.5032573766323494,7.0095988407830845
2.425772271965265,7.072389999679444
2.3421257508681648,7.186645186925731
2.2988595130837166,7.274432373198618
2.2731825242191683,7.3707938037773495
2.2670648707342087,7.4684703421173335
2.2800503501503635,7.565368480634946
2.2805194025605293,7.567386377572116
2.280524288100369,7.56728338239678
2.280500405876405,7.567383682330922
2.2804914772773026,7.567379447900621
2.2804842197212607,7.567374056900298
2.2804781801066807,7.5673674946591865
2.2400252765095163,7.589248661084619
2.148356395804569,7.622932491639246
2.0576803236205996,7.637787581630741
1.9598498742405435,7.635097519500655
1.8663825466124537,7.61406278019942
1.7734082707060455,7.572636652058954
1.6559042749140434,7.486498860167704
1.5262030293299815,7.351256409166242
1.4136917598029766,7.1911864111917625
1.3161013718169094,7.083067532118324
1.1968298839261189,7.006783056646718
1.019503604251933,6.934463573964025
0.8717962287427041,6.911177159015563
0.7760763459895687,6.91568829278304
0.59321256799477,6.96518122720489
0.5068321637450102,7.00662471174918
0.42992079043797043,7.063749440108235
0.36888463426832535,7.129787085197999
0.31797606528315037,7.210947387159169
0.3170943389823473,7.212707346457196
0.3170916699826912,7.212704905562379
0.3171788106801916,7.212649419793388
0.31708798542959166,7.212698722768316
0.3170872223051117,7.2126955581804095
0.31708709360532256,7.2126919450460365
0.3170876343592657,7.212688735481245
0.3171824801167151,7.2127298539768026
0.31717393396139876,7.212744120149117
0.3170932423882897,7.212679609674869
0.2916150778655975,7.174390422896194
0.24967847103887783,7.086077059464376
0.22631842461386323,6.995185925443264
0.22033910693091882,6.849741383577799
0.2475393025036976,6.656113815650698
0.3117469478729365,6.471533041043014
0.4026610234150884,6.29827783114726
0.4676284290625276,6.1139622900821635
0.4953642225030738,5.92447536405938
0.49042430287455135,5.776936727420086
0.4401016010255906,5.59013027221953
0.3516744902808729,5.411466589844872
0.262216488636254,5.291536465713812
0.1901215205720151,5.228285756818869
0.1055896739198007,5.179170680961964
0.015034142022797129,5.147892531609086
-0.08189444685929269,5.134366668496421
-0.08386188361358479,5.134291437322594
-0.08386215406718725,5.134292109022722
-0.08386235274048014,5.134292411737254
-0.08386261065978343,5.13429266587265
-0.11023572036322009,5.096740983779895
-0.1536906873533479,5.011241884344731
-0.18001633342474446,4.919124552119987
-0.18830314754487087,4.823575111828261
-0.18202125205011327,4.725999715115262
-0.18198247998149128,4.723927679710798
-0.18198247998148862,4.723927679710791
-0.18198278803399803,4.723927489419392
-0.18198278803400222,4.723927489419398
-0.1819827880340024,4.723927489419398
-0.1819827880340026,4.723927489419397
-0.1819827880340027,4.723927489419397
-0.18198278803400272,4.723927489419397
-0.18198278803400272,4.723927489419397
-0.18198278803400267,4.723927489419396
-0.01420386534345832,4.816053146565838
0.1417128875658116,4.934260790278447
0.22818855243699518,4.9799011840482015
0.3230471699886299,5.003193085975877
0.5124505222895639,5.007075986186581
0.6974155512442628,4.975824330097671
0.8783240204782536,4.912440819863329
1.0705936009312778,4.8594157579074535
1.2574332549067655,4.845159619465681
1.400931608421483,4.837919973875396
1.4941258398128594,4.808670223632612
1.6173650963425028,4.731086658133453
1.7557235643179532,4.604567301100877
1.8132646693521617,4.527965703054679
1.857214168348799,4.4361574586852415
1.8808180977429036,4.343199329603062
1.8860360602786361,4.291572069627756
1.8860385272109614,4.291572633931798
1.8859891103754172,4.291663499928379
1.8860425673754109,4.291574991689341
1.885961657918341,4.291639515128901
2.0488921155181763,4.190804250215296
2.2317189489428815,4.12176343438785
2.322927045992657,4.08669404952758
2.4084006785844436,4.03142568380649
2.4770546025222893,3.9646029302488017
2.5317128662448454,3.8859194572944102
2.571629195837874,3.794420307757576
2.5923445742939624,3.698875340677952
2.594228375821942,3.6029857355598853
2.577285077858861,3.5067005870005827
2.522427269300826,3.3717400516339118
2.420144993879801,3.209835571050087
2.3518035159252526,3.137210009749521
2.2738414135546314,3.081528228731245
2.1847343282873593,3.0410551858324535
2.1828689950947853,3.0404251320708973
2.182868363750954,3.0404260156742207
2.1828678351101067,3.040426510512645
2.131400469903458,2.9594971602887803
2.0963841240190004,2.8704312170182
2.07878399469145,2.7741589970131697
2.082392653734775,2.5787674093214243
2.1214939862773146,2.39540286415124
2.171638572312545,2.258466131919827
2.187787483463725,2.1621338359951907
2.1800796179097928,2.0646588327836963
2.1498531112803265,1.9738328353643713
2.0977090513345793,1.8912394039836653
1.9963682499744229,1.786573195768605
1.9168983401419133,1.7330654331442232
1.8249288309813545,1.6945109232450164
1.728993163649952,1.6751598978575633
1.5853944283884447,1.677037435010044
1.3972443478823329,1.7132805240266422
1.2160886682887246,1.786314473471243
1.0555633395601374,1.890753992182821
0.9152533758668384,2.026784122137027
0.8059791278638724,2.183934251950776
0.7460519327744503,2.3145387675708
0.722362319916467,2.4581002386850614
0.7266009171594909,2.65358253942212
0.7674566155451942,2.840579428557296
0.8431671216450379,3.0164843997394
0.9483461837710592,3.1716893483733473
1.0233222810855123,3.2463476963946785
1.1052044468556614,3.299952092885169
1.1957598181220845,3.3365247990030666
1.291899639461311,3.3548329050928434
1.2938617268531927,3.355000872643968
1.2938637286883825,3.3549955733556267
1.2938666885443135,3.35499074229431
1.2938707706831765,3.354986309112354
1.319025773339637,3.3934879989339093
1.3430669711558905,3.4395893619568785
1.343048385235492,3.4394876982087386
1.3430646354372682,3.439486936880679
1.3430551974601779,3.4395897841108978
1.3430511268989394,3.4395882863390828
1.3431101003096158,3.43950351150381
1.3431211930317708,3.4395137074867916
1.306491347027478,3.4639333085520634
1.2163348393792843,3.506795542097061
1.1234607623990003,3.530312068884949
0.987821020621406,3.536015788991556
0.8019967673277852,3.5118867200644286
0.613476862456901,3.4533042394179834
0.4339603634203177,3.3660649983923583
0.24767289751142849,3.3066643048300293
0.04946617543425591,3.284441182838372
-0.09978633247636817,3.294919129450438
-0.19370220835433544,3.322081015911259
-0.28062774012570296,3.3670483222435545
-0.3570610127016589,3.428006269363853
-0.3910818876909179,3.464543580555742
-0.39107689556892866,3.4645497734414286
-0.3910733904061823,3.4645565099209015
-0.3911728876586537,3.464583550769855
-0.3910704017178065,3.4645720517389904
-0.39107121171244835,3.4645794804059147
-0.39116923796594266,3.4645471915455675
-0.39107718966549465,3.4645936174502725
-0.3911551546631159,3.464526027311748
-0.4518288154413853,3.3903818923839744
-0.49721099307888367,3.3061239814572656
-0.5261662925531737,3.212637695797944
-0.5363659618045585,3.115302852888501
-0.5185706751722627,2.9226573969822893
-0.4648644954324213,2.7389384855677728
-0.3768059620934193,2.559740388509622
-0.30365954809200574,2.3828614242737998
-0.2646954722112204,2.1872556599592716
-0.26889817860031734,2.047687331189527
-0.29755540488997617,1.9048845629987579
-0.37742691838816833,1.7309403095281855
-0.4863792398549845,1.5783640670954626
-0.5916458920817658,1.4748122235956889
-0.6741602227738918,1.4221861377937937
-0.7652389462093523,1.386653092089377
-0.8595282304181838,1.3696777386469037
-0.8615925977691151,1.3695038197080505
-0.8615892748815851,1.3694950280505331
-0.8615843035667169,1.3694870495809288
-0.8615775172359076,1.3694798670736987
-0.9156891366438549,1.292806345314719
-0.9557680954828895,1.2037472833536689
-0.9564271832924471,1.2017822457689147
-0.9564297127257873,1.2017823045050975
-0.9565008812977488,1.2020850617034655
-0.9564988518471302,1.2020858228836075
-0.9564973134013065,1.2020867712230874
-0.9233496128044785,1.1702054039649175
-0.8439004388394661,1.1132339472045059
-0.7547900240571978,1.0727687433581252
-0.6596105807261646,1.0504357157566135
-0.5120948004548839,1.0481083338422659
-0.31920101112316923,1.0800995292872222
-0.14483564847624872,1.1441883554761831
0.04258892594675964,1.1991759513935607
0.2332763996796558,1.2168665738078983
0.4355266296571803,1.1955579793438738
0.5282529434314159,1.1645210553542287
0.6090938874044728,1.1132623425773482
0.6795068776013776,1.0426452484618287
0.7336307747370772,0.9611054182817982
0.7708501740216994,0.8705915413886737
0.7714134645246822,0.8687049044656834
0.7714119751824555,0.8687038815233353
0.7714109639603146,0.8687028481413094
0.7714101376857816,0.8687016624013043
0.771409404975847,0.8687000120431999
0.7715120870188145,0.8686874017715225
0.7714090089353552,0.8686967988759122
0.771409153342554,0.868695722541196
0.7714096243358548,0.8686943536615189
0.7714103728086653,0.8686931145268569
0.8402395796370626,0.9353353160186525
0.9195027525947226,1.0528612312494485
0.997286569207219,1.2277483293733207
1.037090217484006,1.314807593620367
1.1006980714364676,1.3941430557817391
1.1787446492712477,1.4528745449761964
1.268795031954376,1.4909801200610584
1.3653915730130286,1.5061414478569934
1.5147421443375302,1.5172164795830545
1.6098668455766452,1.5065242303904236
1.6997304947614822,1.473550983556712
1.835038645294539,1.4004593018038989
1.941810364293644,1.3045066274092367
2.03542280409714,1.1852288015194865
2.116022127569923,1.009352013744928
2.152141998538073,0.8662388600758775
2.149007850549267,0.7207462601132306
2.11043768250427,0.5332677505721084
2.053675038651496,0.3925330059185237
1.9420274116658338,0.23465982076128664
1.8005135389790496,0.09987593472184446
1.6789154262035757,0.019620527003537367
1.589797279143956,-0.015544670693825615
1.4915840357151406,-0.03342124472083824
1.395791054586025,-0.031910215997954086
1.391776461020503,-0.031455833282609036
1.3918783670036226,-0.03144002721596923
1.3918752829616183,-0.03143166075134127
1.39187094417307,-0.031424568228265524
1.3581840179415443,-0.06555818130553674
1.3013215618681215,-0.14279191150949552
1.2226603975416457,-0.3085314008347809
1.172972397245693,-0.5016950361393866
1.148527028067454,-0.5942468468455296
1.101606638403011,-0.68003363162038
1.0353580782197647,-0.751811885338382
0.9572396923877988,-0.803674657004288
0.8672770776663243,-0.8363760742131436
0.7223998698501899,-0.865700887466954
0.62667782189861,-0.8660618789040401
0.48404806957213525,-0.8366024725859575
0.30529712777251883,-0.7528843127516457
0.22590583931682762,-0.692446359012192
0.16171775662589966,-0.6185680316640895
0.11238676394777194,-0.5319002458694542
0.08208938640501806,-0.44101195323303494
0.08119562068941978,-0.4370712733255484
0.08119150605796216,-0.4370735442443285
0.08118791558160957,-0.437076576142059
0.08127123072617799,-0.43713760754088227
0.08118256108300399,-0.4370846848570527
-0.004026896020671306,-0.4157410336746059
-0.19840471927196743,-0.39553654806935495
-0.3929363364995573,-0.37682647439512357
-0.5802521855075736,-0.3207539140924588
-0.7101335001203158,-0.2549664573538844
